<?xml version="1.0" encoding="UTF-8"?>


<?xml-model href="akam-relaxng3-schema-09-22.rnc" type="application/relax-ng-compact-syntax"?>
<root>
   <poe> <source>
        <title>A Dream Within a Dream</title>
        <author>BY EDGAR ALLAN POE</author>
        <ind/>
        <pub>published in <date when="1849">1849</date> after <event>Poe's death</event></pub>
    </source>
    <ind/>
    <poem>
        <l>Take this kiss upon the brow!</l>
        <l>And, in parting from you now,</l>
        <l>Thus much let me avow —</l>
        <l>You are not wrong, who deem</l>
        <l>That my days have been a dream;</l>
        <l>Yet if hope has flown away</l>
        <l>In a night, or in a day,</l>
        <l>In a vision, or in none,</l>
        <l>Is it therefore the less gone? </l>
        <l>All that we see or seem</l>
        <l>Is but a dream within a dream.</l>
        <ind/>
        <l>I stand amid the roar</l>
        <l>Of a surf-tormented shore,</l>
        <l>And I hold within my hand</l>
        <l>Grains of the golden sand —</l>
        <l>How few! yet how they creep</l>
        <l>Through my fingers to the deep,</l>
        <l>While I weep — while I weep!</l>
        <l>O God! Can I not grasp</l>
        <l>Them with a tighter clasp?</l>
        <l>O God! can I not save</l>
        <l>One from the pitiless wave?</l>
        <l>Is all that we see or seem</l>
        <l>But a dream within a dream?</l>
    </poem></poe>
    
  <parsons> 
    <source> 
       <title>A Dream Within a Dream</title> 
        <info>[Spoken - <person>Orson Welles</person>]</info>
   </source>
    
    <lyrics>
        "For my own part, I have never had a thought which I could not set down in words, with even more distinctness than that with which I conceived it
    There is, however, a class of fancies, of exquisite delicacy, which are not thoughts, and to which, as yet, I have found it absolutely impossible to adapt language
    These fancies arise in the soul (alas, how rarely!) only at its epochs of most intense tranquillity -- when the bodily and mental health are in perfection -- and at those mere points of time where the confines of the waking world blend with the world of dreams
    And so I captured this fancy, where all that we see or seem is but a dream within a dream."
    </lyrics>
    
    <inst>[Instrumental]</inst>
  </parsons>
</root>
<!-- I am encoding a poem by edgar allen poe, and song lyrics from an album that takes poe's work and makes it into a concept album -->