<?xml version="1.0" encoding="UTF-8"?>

<?xml-model href="akam-relaxng4-09-26.rnc" type="application/relax-ng-compact-syntax"?>
<xml>
<dessert>
Gingersnaps
</dessert>
<desc>
These crunchy, spicy rounds with their cracked, sugary tops are equally at home dunked in tea, coffee, or milk, and frequently enjoyed during the November/December holiday season. But they're just as welcome on a mellow, golden, late-September afternoon, with a comfortable lounge chair and a large glass of fresh-squeezed lemonade.
</desc>
<info>
    Prep
    12 mins
    Bake
    11 to 13 mins
    Total
    23 mins
    Yield
    about 5 dozen cookies
    <!-- I would like to include xsd:duration here, but was unsure of the format, as I believe I would be altering the text of the document -->
</info>

<ing>
    <sec>
Gingersnaps
Ingredients
    </sec>

    <sub>Cookies</sub>

    <ingList>
        <i id = "vs">
             
        <meas unit = "cup" quant = ".75">3/4 cup</meas> <meas unit = "g" quant ="138">(138g)</meas> vegetable shortening*
        </i>
        <i id= "sug">
            <meas unit = "cup" quant = "1">1 cup</meas> <meas unit = "g" quant = "198">(198g)</meas> granulated sugar
        </i>
        <i id = "salt">
            <meas unit = "tsp" quant = ".5">1/2 teaspoon</meas> salt
        </i>
        <i id = "bs">
            <meas unit = "tsp" quant = "2">2 teaspoons</meas> baking soda
        </i>
        <i id = "egg">
        <meas quant = "1" size = "large">1 large</meas> egg
        </i>
        <i id = "mol">
            <meas unit = "cup" quant = ".33">1/3 cup</meas> <meas unit = "g" quant = "113">(113g)</meas> molasses
        </i>
        <i id = "fl">
            <meas unit = "cup" quant = "2.33">2 1/3 cups</meas> <meas unit = "g" quant = "280">(280g)</meas> King Arthur Unbleached All-Purpose Flour
        </i>
        <i id = "gin">
        <meas unit = "tsp" quant = "2">1 to 2 teaspoons</meas> ginger
        </i>
        <!-- I wasn't quite sure what to do about the "1 or 2" situation here. Because of my attributes in my schema, I cannot write 1 or 2 without it failing to validate. By just writing one number, it works, so I went with the most. -->
        <i id = "clo">
        <meas unit = "tsp" quant = ".5">1/2 teaspoon</meas> cloves
        </i>
        <i id = "cin">
        <meas unit = "tsp" quant = "1">1 teaspoon</meas> cinnamon
        </i>
    </ingList>

    <aside>*Can you substitute butter for the vegetable shortening? Yes; but the cookies will be soft, not crisp.</aside>

    <sub>Coating</sub>

    <ingList>
        <i>
    <meas unit = "cup" quant = ".25">1/4 cup</meas> <meas unit = "g" quant = "50">(50g)</meas> granulated sugar
    </i>
        <i>   
    <meas unit = "tsp" quant = "1">1 teaspoon</meas> cinnamon
    </i>
    </ingList>
</ing>
<inst>
    <sub>Instructions</sub>

    <dir>
    Preheat the oven to 375°F. Lightly grease (or line with parchment) two baking sheets.

    Beat together the <ingUse p = "vs sug salt bs">shortening, sugar, salt, and baking soda.</ingUse>

    Beat in the <ingUse p = "egg">egg</ingUse>, then the <ingUse p = "mol">molasses</ingUse>.

    Add the <ingUse p = "fl">flour</ingUse> and <ingUse p = "cin clo gin">spices</ingUse>, beating to make a smooth, fairly stiff dough.

    To make the coating, combine the <ingUse p = "sug">sugar</ingUse> and <ingUse p = "cin">cinnamon</ingUse>, and place in a shallow pan or dish.

    Drop the dough in 1" balls into the cinnamon-sugar mixture; a teaspoon cookie scoop is perfect here.

Roll the balls in the <ingUse p = "sug">sugar</ingUse> to coat, then transfer them to the prepared baking sheets, leaving at least 1 1/2"      between them; they'll spread as they bake.

    Bake the cookies for 11 minutes, for cookies that are crisp around the edges, and "bendy" in the center. Bake       for 13 minutes, for cookies that are crisp/crunchy all the way through.

    Remove the cookies from the oven, and cool right on the pan, or on a rack. Cool completely, then store tightly      wrapped, at room temperature.
    </dir>
</inst>
</xml>

